ka_utf,ka_id,kunyomi_ka_display
"一","ka_1","ひと"
"何","ka_10","なに、なん"
"七","ka_100","なな、なの"
"飼","ka_1000","か"
"示","ka_1001","しめ"
"述","ka_1002","の"
"序","ka_1003","n/a"
"織","ka_1004","お、おり"
"税","ka_1005","n/a"
"舌","ka_1006","した"
"銭","ka_1007","ぜに"
"祖","ka_1008","n/a"
"測","ka_1009","はか"
"八","ka_101","や、よう"
"属","ka_1010","n/a"
"損","ka_1011","そこ"
"退","ka_1012","しりぞ"
"銅","ka_1013","n/a"
"徳","ka_1014","n/a"
"犯","ka_1015","おか"
"版","ka_1016","n/a"
"俵","ka_1017","たわら"
"婦","ka_1018","n/a"
"富","ka_1019","と、とみ"
"九","ka_102","ここの"
"武","ka_1020","n/a"
"複","ka_1021","n/a"
"墓","ka_1022","はか"
"報","ka_1023","むく"
"防","ka_1024","ふせ"
"貿","ka_1025","n/a"
"務","ka_1026","つと"
"綿","ka_1027","わた"
"余","ka_1028","あま"
"略","ka_1029","n/a"
"十","ka_103","とお、と"
"領","ka_1030","n/a"
"域","ka_1031","n/a"
"宇","ka_1032","n/a"
"沿","ka_1033","そ"
"灰","ka_1034","はい"
"閣","ka_1035","n/a"
"割","ka_1036","わ、わり、さ"
"株","ka_1037","かぶ"
"干","ka_1038","ほ、ひ"
"巻","ka_1039","ま、まき"
"待","ka_104","ま"
"看","ka_1040","n/a"
"危","ka_1041","あぶ、あや"
"揮","ka_1042","n/a"
"貴","ka_1043","たっと、とうと"
"郷","ka_1044","n/a"
"警","ka_1045","n/a"
"穴","ka_1046","あな"
"絹","ka_1047","きぬ"
"憲","ka_1048","n/a"
"源","ka_1049","みなもと"
"堂","ka_105","n/a"
"己","ka_1050","おのれ"
"后","ka_1051","n/a"
"孝","ka_1052","n/a"
"紅","ka_1053","べに、くれない"
"鋼","ka_1054","はがね"
"刻","ka_1055","きざ"
"穀","ka_1056","n/a"
"砂","ka_1057","すな"
"裁","ka_1058","た、さば"
"策","ka_1059","n/a"
"話","ka_106","はな"
"蚕","ka_1060","かいこ"
"至","ka_1061","いた"
"姿","ka_1062","すがた"
"視","ka_1063","n/a"
"磁","ka_1064","n/a"
"樹","ka_1065","n/a"
"宗","ka_1066","n/a"
"就","ka_1067","つ"
"衆","ka_1068","n/a"
"縦","ka_1069","たて"
"開","ka_107","ひら、あ"
"縮","ka_1070","ちぢ"
"処","ka_1071","n/a"
"署","ka_1072","n/a"
"諸","ka_1073","n/a"
"傷","ka_1074","きず、いた"
"蒸","ka_1075","む"
"針","ka_1076","はり"
"仁","ka_1077","n/a"
"垂","ka_1078","た"
"寸","ka_1079","n/a"
"閉","ka_108","と、し"
"盛","ka_1080","も、さか"
"誠","ka_1081","まこと"
"宣","ka_1082","n/a"
"泉","ka_1083","いずみ"
"染","ka_1084","そ、し"
"善","ka_1085","よ"
"奏","ka_1086","かな"
"装","ka_1087","よそお"
"層","ka_1088","n/a"
"操","ka_1089","みさお、あやつ"
"友","ka_109","とも"
"臓","ka_1090","n/a"
"誕","ka_1091","n/a"
"暖","ka_1092","あたた"
"宙","ka_1093","n/a"
"庁","ka_1094","n/a"
"頂","ka_1095","いただ、いただき"
"潮","ka_1096","しお"
"賃","ka_1097","n/a"
"討","ka_1098","う"
"党","ka_1099","n/a"
"上","ka_11","うえ、うわ、かみ、あ、のぼ"
"達","ka_110","たち"
"糖","ka_1100","n/a"
"納","ka_1101","おさ"
"脳","ka_1102","n/a"
"拝","ka_1103","おが"
"肺","ka_1104","n/a"
"俳","ka_1105","n/a"
"班","ka_1106","n/a"
"秘","ka_1107","ひ"
"腹","ka_1108","はら"
"奮","ka_1109","ふる"
"手","ka_111","て、た"
"陛","ka_1110","n/a"
"補","ka_1111","おぎな"
"宝","ka_1112","たから"
"棒","ka_1113","n/a"
"幕","ka_1114","n/a"
"密","ka_1115","n/a"
"盟","ka_1116","n/a"
"模","ka_1117","n/a"
"郵","ka_1118","n/a"
"幼","ka_1119","おさな"
"紙","ka_112","かみ"
"翌","ka_1120","n/a"
"卵","ka_1121","たまご"
"覧","ka_1122","n/a"
"裏","ka_1123","うら"
"臨","ka_1124","のぞ"
"朗","ka_1125","ほが"
"依","ka_1126","n/a"
"違","ka_1127","ちが"
"鋭","ka_1128","するど"
"煙","ka_1129","けむり、けむ"
"書","ka_113","か"
"汚","ka_1130","けが、よご、きたな"
"押","ka_1131","お"
"欧","ka_1132","n/a"
"菓","ka_1133","n/a"
"靴","ka_1134","くつ"
"掛","ka_1135","か、かかり"
"汗","ka_1136","あせ"
"缶","ka_1137","n/a"
"患","ka_1138","わずら"
"幾","ka_1139","いく"
"秋","ka_114","あき"
"詰","ka_1140","つ"
"叫","ka_1141","さけ"
"況","ka_1142","n/a"
"挟","ka_1143","はさ"
"偶","ka_1144","n/a"
"隅","ka_1145","すみ"
"掘","ka_1146","ほ"
"傾","ka_1147","かたむ、かし"
"軒","ka_1148","のき"
"枯","ka_1149","か"
"山","ka_115","やま"
"雇","ka_1150","やと"
"更","ka_1151","さら、ふ"
"肯","ka_1152","n/a"
"荒","ka_1153","あら、あ"
"郊","ka_1154","n/a"
"香","ka_1155","か、かお"
"硬","ka_1156","かた"
"込","ka_1157","こ"
"歳","ka_1158","n/a"
"咲","ka_1159","さ"
"雪","ka_116","ゆき"
"脂","ka_1160","あぶら"
"湿","ka_1161","しめ"
"舟","ka_1162","ふね、ふな"
"柔","ka_1163","やわ"
"緒","ka_1164","お"
"召","ka_1165","め"
"床","ka_1166","とこ、ゆか"
"昇","ka_1167","のぼ"
"畳","ka_1168","たた、たたみ"
"触","ka_1169","ふ、さわ"
"雨","ka_117","あめ、あま"
"伸","ka_1170","の"
"吹","ka_1171","ふ"
"姓","ka_1172","n/a"
"隻","ka_1173","n/a"
"跡","ka_1174","あと"
"籍","ka_1175","n/a"
"占","ka_1176","し、うらな"
"双","ka_1177","ふた"
"捜","ka_1178","さが"
"掃","ka_1179","は"
"当","ka_118","あ"
"燥","ka_1180","n/a"
"憎","ka_1181","にく"
"贈","ka_1182","おく"
"袋","ka_1183","ふくろ"
"替","ka_1184","か"
"濯","ka_1185","n/a"
"畜","ka_1186","n/a"
"駐","ka_1187","n/a"
"超","ka_1188","こ"
"沈","ka_1189","しず"
"飲","ka_119","の"
"珍","ka_1190","めずら"
"泥","ka_1191","どろ"
"滴","ka_1192","しずく、したた"
"殿","ka_1193","との"
"塗","ka_1194","ぬ"
"逃","ka_1195","に、のが"
"塔","ka_1196","n/a"
"筒","ka_1197","つつ"
"鈍","ka_1198","にぶ"
"軟","ka_1199","やわ"
"下","ka_12","した、しも、さ、くだ、お"
"知","ka_120","し"
"悩","ka_1200","なや"
"濃","ka_1201","こ"
"泊","ka_1202","と"
"薄","ka_1203","うす"
"爆","ka_1204","n/a"
"肌","ka_1205","はだ"
"髪","ka_1206","かみ"
"販","ka_1207","n/a"
"瓶","ka_1208","n/a"
"浮","ka_1209","う"
"前","ka_121","まえ"
"膚","ka_1210","n/a"
"舞","ka_1211","ま、まい"
"封","ka_1212","n/a"
"幅","ka_1213","はば"
"沸","ka_1214","わ"
"捕","ka_1215","と、つか"
"抱","ka_1216","だ、いだ、かか"
"帽","ka_1217","n/a"
"磨","ka_1218","みが"
"埋","ka_1219","う"
"後","ka_122","のち、うし、あと、おく"
"溶","ka_1220","と"
"腰","ka_1221","こし"
"踊","ka_1222","おど"
"粒","ka_1223","つぶ"
"了","ka_1224","n/a"
"涼","ka_1225","すず"
"療","ka_1226","n/a"
"涙","ka_1227","なみだ"
"零","ka_1228","n/a"
"齢","ka_1229","n/a"
"授","ka_123","さず"
"湾","ka_1230","n/a"
"腕","ka_1231","うで"
"離","ka_1232","はな"
"々","ka_1233","n/a"
"脱","ka_1234","ぬ"
"較","ka_1235","n/a"
"業","ka_124","わざ"
"遅","ka_125","おく、おそ"
"思","ka_126","おも"
"夜","ka_127","よ、よる"
"映","ka_128","うつ、は"
"画","ka_129","n/a"
"中","ka_13","なか"
"出","ka_130","で、だ"
"電","ka_131","n/a"
"会","ka_132","あ"
"物","ka_133","もの"
"返","ka_134","かえ"
"簡","ka_135","n/a"
"単","ka_136","n/a"
"直","ka_137","ただ、なお"
"習","ka_138","なら"
"困","ka_139","こま"
"右","ka_14","みぎ"
"持","ka_140","も"
"調","ka_141","しら、ととの"
"引","ka_142","ひ"
"聞","ka_143","き"
"野","ka_144","の"
"村","ka_145","むら"
"背","ka_146","せ、せい、そむ"
"高","ka_147","たか"
"低","ka_148","ひく"
"長","ka_149","なが"
"左","ka_15","ひだり"
"短","ka_150","みじか"
"着","ka_151","き、つ"
"楽","ka_152","たの"
"川","ka_153","かわ"
"質","ka_154","n/a"
"問","ka_155","と、とん"
"以","ka_156","も"
"多","ka_157","おお"
"若","ka_158","わか、も"
"太","ka_159","ふと"
"色","ka_16","いろ"
"止","ka_160","と、や"
"遠","ka_161","とお"
"忙","ka_162","いそが"
"借","ka_163","か"
"茶","ka_164","n/a"
"入","ka_165","い、はい"
"新","ka_166","あたら、あら、にい"
"教","ka_167","おし、おそ"
"味","ka_168","あじ"
"白","ka_169","しろ、しら"
"女","ka_17","おんな、め"
"青","ka_170","あお"
"黒","ka_171","くろ"
"方","ka_172","かた"
"運","ka_173","はこ"
"動","ka_174","うご"
"体","ka_175","からだ"
"痛","ka_176","いた"
"元","ka_177","もと"
"気","ka_178","n/a"
"変","ka_179","か"
"男","ka_18","おとこ"
"疲","ka_180","つか"
"寝","ka_181","ね"
"天","ka_182","あめ、あま"
"頭","ka_183","あたま、かしら"
"図","ka_184","はか"
"館","ka_185","たて"
"探","ka_186","さぐ、さが"
"失","ka_187","うしな"
"礼","ka_188","n/a"
"少","ka_189","すく、すこ"
"人","ka_19","ひと"
"自","ka_190","みずか、おの"
"由","ka_191","よし"
"無","ka_192","な"
"理","ka_193","n/a"
"言","ka_194","い、こと"
"度","ka_195","たび"
"集","ka_196","あつ、つど"
"音","ka_197","おと、ね"
"決","ka_198","き"
"事","ka_199","こと"
"二","ka_2","ふた"
"見","ka_20","み"
"切","ka_200","き"
"符","ka_201","n/a"
"悪","ka_202","わる、あ"
"実","ka_203","み、みの"
"病","ka_204","や、やまい"
"治","ka_205","おさ、なお"
"校","ka_206","n/a"
"心","ka_207","こころ"
"発","ka_208","た"
"番","ka_209","n/a"
"先","ka_21","さき"
"英","ka_210","n/a"
"文","ka_211","ふみ"
"法","ka_212","n/a"
"練","ka_213","ね"
"貸","ka_214","か、かし"
"森","ka_215","もり"
"試","ka_216","こころ、ため"
"験","ka_217","n/a"
"題","ka_218","n/a"
"全","ka_219","まった、すべ"
"車","ka_22","くるま"
"部","ka_220","n/a"
"目","ka_221","め、ま"
"号","ka_222","n/a"
"研","ka_223","と"
"究","ka_224","きわ"
"室","ka_225","むろ"
"連","ka_226","つら、つ"
"花","ka_227","はな"
"仕","ka_228","つか"
"経","ka_229","へ、た"
"国","ka_23","くに"
"済","ka_230","す"
"的","ka_231","まと"
"難","ka_232","かた、むずか"
"広","ka_233","ひろ"
"同","ka_234","おな"
"夏","ka_235","なつ"
"春","ka_236","はる"
"必","ka_237","かなら"
"要","ka_238","い、かなめ"
"交","ka_239","まじ、ま、か"
"時","ka_24","とき"
"通","ka_240","とお、かよ"
"冬","ka_241","ふゆ"
"走","ka_242","はし"
"重","ka_243","え、おも、かさ"
"卒","ka_244","n/a"
"社","ka_245","やしろ"
"勤","ka_246","つと"
"屋","ka_247","や"
"午","ka_248","n/a"
"机","ka_249","つくえ"
"間","ka_25","あいだ、ま"
"使","ka_250","つか"
"寒","ka_251","さむ"
"暑","ka_252","あつ"
"冷","ka_253","つめ、ひ、さ"
"誰","ka_254","だれ"
"急","ka_255","いそ"
"用","ka_256","もち"
"頃","ka_257","ころ"
"内","ka_258","うち"
"伝","ka_259","つた"
"半","ka_26","なか"
"欲","ka_260","ほっ、ほ"
"初","ka_261","はじ、はつ、うい、そ"
"次","ka_262","つ、つぎ"
"最","ka_263","もっと"
"田","ka_264","た"
"石","ka_265","いし"
"原","ka_266","はら"
"駅","ka_267","n/a"
"辺","ka_268","あた、べ"
"道","ka_269","みち"
"分","ka_27","わ"
"然","ka_270","n/a"
"工","ka_271","n/a"
"所","ka_272","ところ"
"横","ka_273","よこ"
"信","ka_274","n/a"
"曲","ka_275","ま"
"橋","ka_276","はし"
"向","ka_277","む"
"地","ka_278","n/a"
"銀","ka_279","n/a"
"月","ka_28","つき"
"角","ka_280","かど、つの"
"赤","ka_281","あか"
"祝","ka_282","いわ"
"相","ka_283","あい"
"談","ka_284","n/a"
"接","ka_285","つ"
"料","ka_286","n/a"
"払","ka_287","はら"
"期","ka_288","n/a"
"働","ka_289","はたら"
"火","ka_29","ひ"
"供","ka_290","そな、とも"
"彼","ka_291","かれ、かの"
"泣","ka_292","な"
"降","ka_293","お、ふ"
"晴","ka_294","は"
"曇","ka_295","くも"
"空","ka_296","そら、あ、から、むな"
"夕","ka_297","ゆう"
"準","ka_298","n/a"
"備","ka_299","そな"
"三","ka_3","み"
"水","ka_30","みず"
"歩","ka_300","ある、あゆ"
"歌","ka_301","うた"
"足","ka_302","あし、た"
"口","ka_303","くち"
"世","ka_304","よ"
"界","ka_305","n/a"
"医","ka_306","n/a"
"者","ka_307","もの"
"配","ka_308","くば"
"規","ka_309","n/a"
"木","ka_31","き、こ"
"則","ka_310","n/a"
"正","ka_311","ただ、まさ"
"活","ka_312","n/a"
"考","ka_313","かんが"
"計","ka_314","はか"
"奥","ka_315","おく"
"様","ka_316","さま"
"眠","ka_317","ねむ"
"外","ka_318","そと、ほか、はず"
"不","ka_319","n/a"
"金","ka_32","かね、かな"
"昔","ka_320","むかし"
"洋","ka_321","n/a"
"寄","ka_322","よ"
"風","ka_323","かぜ、かざ"
"呼","ka_324","よ"
"怒","ka_325","いか、おこ"
"宿","ka_326","やど"
"渡","ka_327","わた"
"旅","ka_328","たび"
"取","ka_329","と"
"土","ka_33","つち"
"盗","ka_330","ぬす"
"建","ka_331","た"
"宅","ka_332","n/a"
"申","ka_333","もう"
"願","ka_334","ねが"
"主","ka_335","ぬし、おも、あるじ"
"関","ka_336","せき、かか"
"特","ka_337","n/a"
"別","ka_338","わか"
"僕","ka_339","n/a"
"日","ka_34","ひ、か"
"予","ka_340","n/a"
"定","ka_341","さだ"
"写","ka_342","うつ"
"真","ka_343","ま"
"普","ka_344","n/a"
"意","ka_345","n/a"
"忘","ka_346","わす"
"覚","ka_347","おぼ、さ"
"席","ka_348","n/a"
"君","ka_349","きみ"
"百","ka_35","n/a"
"熱","ka_350","あつ"
"死","ka_351","し"
"結","ka_352","むす、ゆ"
"婚","ka_353","n/a"
"式","ka_354","n/a"
"牛","ka_355","うし"
"乳","ka_356","ちち、ち"
"沢","ka_357","さわ"
"町","ka_358","まち"
"他","ka_359","n/a"
"千","ka_36","ち"
"飯","ka_360","めし"
"答","ka_361","こた"
"店","ka_362","みせ"
"愛","ka_363","いと"
"合","ka_364","あ、あい"
"悲","ka_365","かな"
"職","ka_366","n/a"
"員","ka_367","n/a"
"幸","ka_368","さいわ、さち、しあわ"
"飛","ka_369","と"
"今","ka_37","いま"
"耳","ka_370","みみ"
"嫌","ka_371","きら、いや"
"窓","ka_372","まど"
"喜","ka_373","よろこ"
"反","ka_374","そ"
"対","ka_375","n/a"
"恋","ka_376","こ、こい"
"告","ka_377","つ"
"許","ka_378","ゆる"
"件","ka_379","n/a"
"小","ka_38","ちい、こ、お"
"戻","ka_380","もど"
"服","ka_381","n/a"
"曜","ka_382","n/a"
"品","ka_383","しな"
"未","ka_384","いま、ま"
"完","ka_385","n/a"
"海","ka_386","うみ"
"島","ka_387","しま"
"級","ka_388","n/a"
"顔","ka_389","かお"
"休","ka_39","やす"
"面","ka_390","おも、おもて、つら"
"企","ka_391","くわだ"
"市","ka_392","いち"
"頼","ka_393","たの、たよ"
"第","ka_394","n/a"
"表","ka_395","おもて、あらわ"
"将","ka_396","n/a"
"希","ka_397","n/a"
"場","ka_398","ば"
"査","ka_399","n/a"
"学","ka_4","まな"
"行","ka_40","い、ゆ、おこな"
"係","ka_400","かか、かかり"
"訳","ka_401","わけ"
"課","ka_402","n/a"
"続","ka_403","つづ"
"際","ka_404","きわ"
"望","ka_405","のぞ"
"成","ka_406","な"
"功","ka_407","n/a"
"約","ka_408","n/a"
"束","ka_409","たば"
"家","ka_41","いえ、や"
"受","ka_410","う"
"有","ka_411","あ"
"点","ka_412","n/a"
"識","ka_413","n/a"
"感","ka_414","n/a"
"送","ka_415","おく"
"数","ka_416","かず、かぞ"
"球","ka_417","たま"
"遊","ka_418","あそ"
"招","ka_419","まね"
"帰","ka_42","かえ"
"選","ka_420","えら"
"講","ka_421","n/a"
"義","ka_422","n/a"
"役","ka_423","n/a"
"立","ka_424","た、たて"
"論","ka_425","n/a"
"基","ka_426","もと、もとい"
"厚","ka_427","あつ"
"勧","ka_428","すす"
"般","ka_429","n/a"
"近","ka_43","ちか"
"養","ka_430","やしな"
"化","ka_431","ば"
"科","ka_432","n/a"
"績","ka_433","n/a"
"型","ka_434","かた"
"苦","ka_435","くる、にが"
"満","ka_436","み"
"増","ka_437","ま、ふ"
"声","ka_438","こえ、こわ"
"現","ka_439","あらわ"
"父","ka_44","ちち"
"在","ka_440","あ"
"夢","ka_441","ゆめ"
"乗","ka_442","の"
"放","ka_443","はな"
"協","ka_444","n/a"
"力","ka_445","ちから"
"賛","ka_446","n/a"
"説","ka_447","と"
"落","ka_448","お"
"名","ka_449","な"
"母","ka_45","はは"
"機","ka_450","はた"
"具","ka_451","n/a"
"詳","ka_452","くわ"
"解","ka_453","と"
"構","ka_454","かま"
"情","ka_455","なさ"
"共","ka_456","とも"
"存","ka_457","n/a"
"静","ka_458","しず"
"流","ka_459","なが"
"兄","ka_46","あに"
"芸","ka_460","n/a"
"術","ka_461","n/a"
"光","ka_462","ひか、ひかり"
"景","ka_463","n/a"
"驚","ka_464","おどろ"
"助","ka_465","たす、すけ"
"求","ka_466","もと"
"留","ka_467","と、とど"
"興","ka_468","おこ"
"深","ka_469","ふか"
"弟","ka_47","おとうと"
"猫","ka_470","ねこ"
"想","ka_471","n/a"
"像","ka_472","n/a"
"平","ka_473","たい、ひら"
"位","ka_474","くらい"
"置","ka_475","お"
"進","ka_476","すす"
"越","ka_477","こ"
"庭","ka_478","にわ"
"勢","ka_479","いきお"
"姉","ka_48","あね"
"性","ka_480","n/a"
"団","ka_481","n/a"
"弁","ka_482","n/a"
"護","ka_483","まも"
"条","ka_484","n/a"
"影","ka_485","かげ"
"響","ka_486","ひび"
"訪","ka_487","おとず、たず"
"参","ka_488","まい"
"御","ka_489","おん"
"妹","ka_49","いもうと"
"果","ka_490","は"
"慣","ka_491","な"
"専","ka_492","もっぱ"
"攻","ka_493","せ"
"趣","ka_494","おもむき"
"賞","ka_495","n/a"
"誌","ka_496","n/a"
"復","ka_497","n/a"
"限","ka_498","かぎ"
"確","ka_499","たし"
"院","ka_5","n/a"
"来","ka_50","く、きた"
"保","ka_500","たも"
"証","ka_501","n/a"
"追","ka_502","お"
"便","ka_503","たよ"
"著","ka_504","あらわ、いちじる"
"代","ka_505","か、よ、しろ"
"抜","ka_506","ぬ"
"肩","ka_507","かた"
"伺","ka_508","うかが"
"材","ka_509","n/a"
"起","ka_51","お"
"残","ka_510","のこ"
"念","ka_511","n/a"
"恥","ka_512","はじ、は"
"都","ka_513","みやこ"
"洗","ka_514","あら"
"州","ka_515","す"
"福","ka_516","n/a"
"側","ka_517","かわ"
"恐","ka_518","おそ"
"敗","ka_519","やぶ"
"毎","ka_52","ごと"
"比","ka_520","くら"
"倍","ka_521","n/a"
"詩","ka_522","n/a"
"素","ka_523","n/a"
"胸","ka_524","むね、むな"
"打","ka_525","う"
"厳","ka_526","おごそ、きび"
"優","ka_527","やさ、すぐ"
"可","ka_528","n/a"
"形","ka_529","かた、かたち"
"朝","ka_53","あさ"
"詞","ka_530","n/a"
"程","ka_531","ほど"
"命","ka_532","いのち"
"令","ka_533","n/a"
"容","ka_534","n/a"
"議","ka_535","n/a"
"印","ka_536","しるし"
"象","ka_537","n/a"
"句","ka_538","n/a"
"線","ka_539","n/a"
"晩","ka_54","n/a"
"輩","ka_540","n/a"
"倒","ka_541","たお"
"応","ka_542","n/a"
"募","ka_543","つの"
"制","ka_544","n/a"
"量","ka_545","はか"
"各","ka_546","おのおの"
"評","ka_547","n/a"
"判","ka_548","n/a"
"換","ka_549","か"
"族","ka_55","n/a"
"競","ka_550","きそ、せ"
"争","ka_551","あらそ"
"率","ka_552","ひき"
"得","ka_553","え、う"
"張","ka_554","は"
"価","ka_555","あたい"
"抑","ka_556","おさ"
"弱","ka_557","よわ"
"技","ka_558","わざ"
"律","ka_559","n/a"
"勉","ka_56","n/a"
"尊","ka_560","たっと、とうと"
"敬","ka_561","うやま"
"観","ka_562","n/a"
"種","ka_563","たね"
"能","ka_564","n/a"
"延","ka_565","の"
"薬","ka_566","くすり"
"笑","ka_567","わら、え"
"非","ka_568","n/a"
"常","ka_569","つね、とこ"
"強","ka_57","つよ、し"
"客","ka_570","n/a"
"届","ka_571","とど"
"舎","ka_572","n/a"
"暮","ka_573","く"
"怖","ka_574","こわ"
"息","ka_575","いき"
"拾","ka_576","ひろ"
"段","ka_577","n/a"
"暇","ka_578","ひま"
"預","ka_579","あず"
"昨","ka_58","n/a"
"断","ka_580","た、ことわ"
"承","ka_581","うけたまわ"
"丸","ka_582","まる"
"謝","ka_583","あやま"
"敵","ka_584","かたき"
"坊","ka_585","n/a"
"岸","ka_586","きし"
"良","ka_587","よ、い"
"散","ka_588","ち"
"訓","ka_589","n/a"
"食","ka_59","く、た"
"支","ka_590","ささ"
"組","ka_591","く、くみ"
"守","ka_592","まも、もり"
"消","ka_593","き、け"
"商","ka_594","あきな"
"似","ka_595","に"
"冒","ka_596","おか"
"険","ka_597","けわ"
"捨","ka_598","す"
"状","ka_599","n/a"
"年","ka_6","とし"
"作","ka_60","つく"
"態","ka_600","n/a"
"勇","ka_601","いさ"
"敢","ka_602","n/a"
"派","ka_603","n/a"
"再","ka_604","ふたた"
"与","ka_605","あた"
"案","ka_606","n/a"
"美","ka_607","うつく"
"絵","ka_608","n/a"
"農","ka_609","n/a"
"読","ka_61","よ"
"描","ka_610","えが"
"徒","ka_611","n/a"
"城","ka_612","しろ"
"激","ka_613","はげ"
"異","ka_614","こと"
"総","ka_615","n/a"
"注","ka_616","そそ"
"改","ka_617","あらた"
"革","ka_618","かわ"
"任","ka_619","まか"
"週","ka_62","n/a"
"抗","ka_620","n/a"
"身","ka_621","み"
"門","ka_622","かど"
"禁","ka_623","n/a"
"根","ka_624","ね"
"提","ka_625","さ"
"稲","ka_626","いね、いな"
"耕","ka_627","たがや"
"営","ka_628","いとな"
"展","ka_629","n/a"
"回","ka_63","まわ"
"疑","ka_630","うたが"
"漁","ka_631","n/a"
"突","ka_632","つ"
"批","ka_633","n/a"
"端","ka_634","はし、は、はた"
"列","ka_635","n/a"
"即","ka_636","すなわ"
"指","ka_637","ゆび、さ"
"値","ka_638","ね、あたい"
"熟","ka_639","う"
"明","ka_64","あ、あか、あき"
"易","ka_640","やさ"
"皇","ka_641","n/a"
"権","ka_642","n/a"
"神","ka_643","かみ、かん、こう"
"免","ka_644","まぬか"
"逆","ka_645","さか"
"製","ka_646","n/a"
"偉","ka_647","えら"
"故","ka_648","ゆえ"
"修","ka_649","おさ"
"早","ka_65","はや"
"街","ka_650","まち"
"停","ka_651","n/a"
"路","ka_652","じ"
"章","ka_653","n/a"
"政","ka_654","まつりごと"
"府","ka_655","n/a"
"堅","ka_656","かた"
"担","ka_657","かつ、にな"
"産","ka_658","う、うぶ"
"省","ka_659","かえり、はぶ"
"昼","ka_66","ひる"
"輪","ka_660","わ"
"老","ka_661","お、ふ"
"荷","ka_662","に"
"貧","ka_663","まず"
"乏","ka_664","とぼ"
"記","ka_665","しる"
"清","ka_666","きよ"
"給","ka_667","n/a"
"費","ka_668","つい"
"刺","ka_669","さ、さし"
"才","ka_67","n/a"
"紹","ka_670","n/a"
"介","ka_671","n/a"
"責","ka_672","せ"
"誤","ka_673","あやま"
"益","ka_674","n/a"
"毒","ka_675","n/a"
"骨","ka_676","ほね"
"健","ka_677","すこ"
"康","ka_678","n/a"
"快","ka_679","こころよ"
"本","ka_68","もと"
"積","ka_680","つ"
"極","ka_681","きわ"
"哲","ka_682","n/a"
"公","ka_683","おおやけ"
"等","ka_684","ひと"
"節","ka_685","ふし"
"独","ka_686","ひと"
"迎","ka_687","むか"
"輸","ka_688","n/a"
"片","ka_689","かた"
"冊","ka_69","n/a"
"狭","ka_690","せま、せば"
"差","ka_691","さ"
"刷","ka_692","す"
"利","ka_693","き"
"拡","ka_694","n/a"
"陸","ka_695","n/a"
"末","ka_696","すえ"
"燃","ka_697","も"
"馬","ka_698","うま、ま"
"鹿","ka_699","しか"
"生","ka_7","い、う、お、は、なま、き"
"枚","ka_70","n/a"
"負","ka_700","ま、お"
"渉","ka_701","n/a"
"卓","ka_702","n/a"
"適","ka_703","n/a"
"創","ka_704","n/a"
"精","ka_705","n/a"
"認","ka_706","みと"
"導","ka_707","みちび"
"固","ka_708","かた"
"隣","ka_709","とな、となり"
"台","ka_71","n/a"
"戦","ka_710","いくさ、たたか"
"和","ka_711","やわ、なご"
"忠","ka_712","n/a"
"混","ka_713","ま"
"鉄","ka_714","n/a"
"喫","ka_715","n/a"
"座","ka_716","すわ"
"鼻","ka_717","はな"
"首","ka_718","くび"
"震","ka_719","ふる"
"個","ka_72","n/a"
"災","ka_720","わざわ"
"焦","ka_721","こ、あせ"
"破","ka_722","やぶ"
"壊","ka_723","こわ"
"造","ka_724","つく"
"我","ka_725","われ、わ"
"去","ka_726","さ"
"巨","ka_727","n/a"
"並","ka_728","なみ、な、なら"
"坂","ka_729","さか"
"匹","ka_73","ひき"
"緑","ka_730","みどり"
"植","ka_731","う"
"脈","ka_732","n/a"
"設","ka_733","もう"
"築","ka_734","きず"
"局","ka_735","n/a"
"温","ka_736","あたた"
"華","ka_737","はな"
"氏","ka_738","うじ"
"算","ka_739","n/a"
"円","ka_74","まる"
"邪","ka_740","n/a"
"軽","ka_741","かる、かろ"
"絡","ka_742","から"
"毛","ka_743","け"
"布","ka_744","ぬの"
"仮","ka_745","かり"
"狂","ka_746","くる"
"障","ka_747","さわ"
"害","ka_748","n/a"
"演","ka_749","n/a"
"安","ka_75","やす"
"劇","ka_750","n/a"
"葉","ka_751","は"
"板","ka_752","いた"
"階","ka_753","n/a"
"芝","ka_754","しば"
"居","ka_755","い、お"
"移","ka_756","うつ"
"努","ka_757","つと"
"折","ka_758","お、おり"
"欠","ka_759","か"
"買","ka_76","か"
"皆","ka_760","みな"
"虫","ka_761","むし"
"歯","ka_762","は"
"圧","ka_763","n/a"
"転","ka_764","ころ"
"遺","ka_765","n/a"
"冗","ka_766","n/a"
"皮","ka_767","かわ"
"肉","ka_768","n/a"
"怪","ka_769","あや"
"売","ka_77","う"
"系","ka_770","n/a"
"統","ka_771","す"
"鳥","ka_772","とり"
"県","ka_773","n/a"
"尺","ka_774","n/a"
"収","ka_775","おさ"
"穫","ka_776","n/a"
"肥","ka_777","こ、こえ"
"草","ka_778","くさ"
"泳","ka_779","およ"
"犬","ka_78","いぬ"
"亡","ka_780","な"
"豊","ka_781","ゆた"
"寮","ka_782","n/a"
"飽","ka_783","あ"
"油","ka_784","あぶら"
"菜","ka_785","な"
"玉","ka_786","たま"
"減","ka_787","へ"
"皿","ka_788","さら"
"湯","ka_789","ゆ"
"子","ka_79","こ"
"除","ka_790","のぞ"
"控","ka_791","ひか"
"蔵","ka_792","くら"
"庫","ka_793","n/a"
"器","ka_794","うつわ"
"凍","ka_795","こ、こご"
"聖","ka_796","n/a"
"豚","ka_797","ぶた"
"絶","ka_798","た"
"牧","ka_799","まき"
"私","ka_8","わたし、わたくし"
"万","ka_80","n/a"
"民","ka_800","たみ"
"誇","ka_801","ほこ"
"仏","ka_802","ほとけ"
"殺","ka_803","ころ"
"含","ka_804","ふく"
"緊","ka_805","n/a"
"吸","ka_806","す"
"筋","ka_807","すじ"
"奨","ka_808","n/a"
"衛","ka_809","n/a"
"語","ka_81","かた"
"迷","ka_810","まよ"
"充","ka_811","あ"
"礎","ka_812","いしずえ"
"標","ka_813","n/a"
"推","ka_814","お"
"到","ka_815","いた"
"否","ka_816","いな"
"労","ka_817","n/a"
"範","ka_818","n/a"
"囲","ka_819","かこ"
"東","ka_82","ひがし"
"征","ka_820","n/a"
"伏","ka_821","ふ"
"抵","ka_822","n/a"
"従","ka_823","したが"
"射","ka_824","い、さ"
"乱","ka_825","みだ"
"暴","ka_826","あば"
"概","ka_827","n/a"
"焼","ka_828","や"
"編","ka_829","あ"
"京","ka_83","n/a"
"雲","ka_830","くも"
"偏","ka_831","かたよ"
"甘","ka_832","あま"
"衣","ka_833","ころも"
"騒","ka_834","さわ"
"悟","ka_835","さと"
"避","ka_836","さ"
"乾","ka_837","かわ"
"杯","ka_838","さかずき"
"途","ka_839","n/a"
"育","ka_84","そだ"
"祈","ka_840","いの"
"互","ka_841","たが"
"賢","ka_842","かしこ"
"鳴","ka_843","な"
"純","ka_844","n/a"
"辛","ka_845","から"
"管","ka_846","くだ"
"暗","ka_847","くら"
"娘","ka_848","むすめ"
"侮","ka_849","あなど"
"住","ka_85","す"
"辱","ka_850","はずかし"
"弾","ka_851","ひ、はず、たま"
"王","ka_852","n/a"
"貝","ka_853","かい"
"糸","ka_854","いと"
"竹","ka_855","たけ"
"林","ka_856","はやし"
"羽","ka_857","は、わ、はね"
"園","ka_858","その"
"岩","ka_859","いわ"
"両","ka_86","n/a"
"汽","ka_860","n/a"
"弓","ka_861","ゆみ"
"魚","ka_862","うお、さかな"
"戸","ka_863","と"
"黄","ka_864","き、こ"
"谷","ka_865","たに"
"細","ka_866","ほそ、こま"
"矢","ka_867","や"
"寺","ka_868","てら"
"星","ka_869","ほし"
"親","ka_87","おや、した"
"船","ka_870","ふね、ふな"
"池","ka_871","いけ"
"刀","ka_872","かたな"
"麦","ka_873","むぎ"
"米","ka_874","こめ"
"里","ka_875","さと"
"委","ka_876","n/a"
"央","ka_877","n/a"
"宮","ka_878","みや"
"区","ka_879","n/a"
"南","ka_88","みなみ"
"血","ka_880","ち"
"湖","ka_881","みずうみ"
"港","ka_882","みなと"
"祭","ka_883","まつ、まつり"
"酒","ka_884","さけ、さか"
"昭","ka_885","n/a"
"勝","ka_886","か、まさ"
"整","ka_887","ととの"
"速","ka_888","はや、すみ"
"炭","ka_889","すみ"
"北","ka_89","きた"
"柱","ka_890","はしら"
"丁","ka_891","n/a"
"帳","ka_892","n/a"
"笛","ka_893","ふえ"
"投","ka_894","な"
"豆","ka_895","まめ"
"登","ka_896","のぼ"
"童","ka_897","わらべ"
"波","ka_898","なみ"
"箱","ka_899","はこ"
"古","ka_9","ふる"
"西","ka_90","にし"
"畑","ka_900","はた、はたけ"
"筆","ka_901","ふで"
"氷","ka_902","こおり、ひ"
"羊","ka_903","ひつじ"
"陽","ka_904","ひ"
"胃","ka_905","n/a"
"栄","ka_906","さか、は"
"塩","ka_907","しお"
"億","ka_908","n/a"
"加","ka_909","くわ"
"漢","ka_91","n/a"
"貨","ka_910","n/a"
"芽","ka_911","め"
"械","ka_912","n/a"
"官","ka_913","n/a"
"季","ka_914","n/a"
"紀","ka_915","n/a"
"旗","ka_916","はた"
"救","ka_917","すく"
"挙","ka_918","あ"
"鏡","ka_919","かがみ"
"字","ka_92","あざ"
"軍","ka_920","n/a"
"郡","ka_921","n/a"
"径","ka_922","n/a"
"候","ka_923","そうろう"
"航","ka_924","n/a"
"札","ka_925","ふだ"
"察","ka_926","n/a"
"士","ka_927","n/a"
"史","ka_928","n/a"
"司","ka_929","n/a"
"好","ka_93","この、す、よ、い"
"児","ka_930","n/a"
"辞","ka_931","や"
"周","ka_932","まわ"
"順","ka_933","n/a"
"松","ka_934","まつ"
"唱","ka_935","とな"
"照","ka_936","て"
"臣","ka_937","n/a"
"浅","ka_938","あさ"
"倉","ka_939","くら"
"終","ka_94","お"
"巣","ka_940","す"
"孫","ka_941","まご"
"帯","ka_942","お、おび"
"隊","ka_943","n/a"
"仲","ka_944","なか"
"貯","ka_945","n/a"
"兆","ka_946","きざ"
"腸","ka_947","n/a"
"底","ka_948","そこ"
"典","ka_949","n/a"
"始","ka_95","はじ"
"灯","ka_950","ひ"
"梅","ka_951","うめ"
"博","ka_952","n/a"
"票","ka_953","n/a"
"夫","ka_954","おっと"
"付","ka_955","つ"
"副","ka_956","n/a"
"粉","ka_957","こ、こな"
"兵","ka_958","n/a"
"包","ka_959","つつ"
"大","ka_96","おお"
"浴","ka_960","あ"
"類","ka_961","n/a"
"例","ka_962","たと"
"歴","ka_963","n/a"
"録","ka_964","n/a"
"因","ka_965","よ"
"永","ka_966","なが"
"液","ka_967","n/a"
"往","ka_968","n/a"
"桜","ka_969","さくら"
"四","ka_97","よ、よん"
"恩","ka_970","n/a"
"河","ka_971","かわ"
"過","ka_972","す、あやま"
"賀","ka_973","n/a"
"格","ka_974","n/a"
"額","ka_975","ひたい"
"刊","ka_976","n/a"
"幹","ka_977","みき"
"眼","ka_978","まなこ"
"久","ka_979","ひさ"
"五","ka_98","いつ"
"旧","ka_980","n/a"
"境","ka_981","さかい"
"均","ka_982","n/a"
"群","ka_983","む、むら"
"潔","ka_984","いさぎよ"
"券","ka_985","n/a"
"検","ka_986","n/a"
"効","ka_987","き"
"鉱","ka_988","n/a"
"妻","ka_989","つま"
"六","ka_99","む、むい"
"秒","ka_990","n/a"
"採","ka_991","と"
"財","ka_992","n/a"
"罪","ka_993","つみ"
"雑","ka_994","n/a"
"酸","ka_995","す"
"志","ka_996","こころざ、こころざし"
"師","ka_997","n/a"
"枝","ka_998","えだ"
"資","ka_999","n/a"
